<LinearLayout xmlns:android="http://schemas.android.com/apk/res/android"
	android:orientation="vertical"
	android:layout_width="match_parent"
	android:layout_height="match_parent">

	<TextView  
		android:layout_width="match_parent" 
		android:layout_height="wrap_content" 
		android:text="레이아웃 안에 다른 레이아웃을 배치한다."/>

	<TableLayout
		android:layout_width="match_parent"
		android:layout_height="wrap_content"
		android:background="#808080">
		<TableRow>
			<TextView android:text="국어" android:padding="10dip" />
			<TextView android:text="영어" android:padding="10dip" />
			<TextView android:text="수학" android:padding="10dip" />
		</TableRow>
		<TableRow>
			<TextView android:text="88" android:padding="10dip" />
			<TextView android:text="92" android:padding="10dip" />
			<TextView android:text="76" android:padding="10dip" />
		</TableRow>
	</TableLayout>

	<LinearLayout
		android:orientation="horizontal"
		android:layout_width="match_parent"
		android:layout_height="wrap_content">
		<TextView  
			android:layout_width="wrap_content" 
			android:layout_height="match_parent"
			android:layout_weight="1" 
			android:text="사자"/>
		<TextView  
			android:layout_width="wrap_content" 
			android:layout_height="match_parent" 
			android:layout_weight="1" 
			android:text="호랑이"/>
		<TextView  
			android:layout_width="wrap_content" 
			android:layout_height="match_parent" 
			android:layout_weight="1" 
			android:text="코끼리"/>
	</LinearLayout>
</LinearLayout>
